Emp_Age,Emp_Exp,Emp_Current_Salary,Emp_Rating,Emp_New_Salary
59,35,106712,4,347494
49,24,81961,5,350586
35,14,52415,2,88679
28,3,31809,1,43998
41,17,60501,4,200387
59,36,106738,3,293218
39,16,56364,2,104599
43,18,62708,1,111516
31,9,38424,5,244766
31,8,35151,2,51427
44,19,71277,2,133068
56,32,103044,4,327379
44,19,63412,1,113909
23,0,17321,4,120155
42,18,60495,4,204518
22,0,17148,3,56129
44,23,73056,5,328883
50,26,81552,2,178877
58,37,109620,1,278843
22,0,18085,5,206626
41,17,61004,5,287443
53,32,95156,1,220766
32,9,46426,5,250621
42,19,70005,3,163531
45,23,79662,5,330139
47,23,78023,3,192354
48,24,82543,2,163409
36,12,53055,2,89703
35,13,52154,4,177816
23,0,21250,3,63117
57,34,107246,2,258473
27,6,30154,5,221190
41,18,67950,1,113419
29,6,30996,1,48959
59,38,114626,3,324662
38,15,55405,4,181946
24,2,29369,5,218828
45,24,75153,3,186090
34,11,50353,1,68689
29,4,31481,3,73510
46,23,78099,5,338974
22,0,16716,2,37188
40,16,55786,5,277646
48,25,81868,2,172002
27,3,30596,2,43370
28,3,26772,2,42543
55,32,98767,3,275786
34,13,56334,1,80315
37,13,53494,3,113036
56,31,99716,1,219027
24,3,31357,5,225624
22,1,20926,4,115217
26,5,31283,5,223694
24,3,27927,3,73791
49,26,87011,3,209341
38,15,60552,1,83269
46,23,76201,3,178504
54,29,96761,2,209707
30,5,29849,3,74604
56,31,99511,1,221032
34,12,52055,1,77673
51,26,81212,2,172275
35,12,51965,1,76936
28,5,36844,4,136229
34,12,51704,5,250276
43,21,74933,3,171860
41,16,57511,4,194092
36,12,45143,3,110218
38,16,62367,4,191745
44,23,75728,3,188856
46,23,77082,2,157203
45,24,81031,1,160156
49,26,84243,1,162474
35,12,54549,2,80380
21,0,17713,4,119038
45,23,76685,5,338961
27,6,39549,4,144115
29,6,37328,1,42981
44,23,77133,5,327380
21,0,18192,3,58795
28,7,32800,5,234488
44,19,63223,4,204350
31,10,45694,2,77412
37,12,48010,3,112012
28,3,28055,4,135944
55,30,90067,3,243968
55,31,95006,5,401978
53,32,96537,1,230645
25,4,25397,4,120640
59,35,108180,2,269679
48,25,86855,5,344794
27,5,32325,4,127213
29,8,43747,2,75363
28,6,36048,4,142069
32,8,38661,5,229547
54,31,102443,4,324057
53,30,92941,3,242162
43,20,72067,5,314211
44,20,70091,4,220741
57,32,96601,1,233865
55,30,91480,4,297191
42,20,71230,3,159388
47,22,79294,2,139688
55,30,93276,2,217067
21,0,21447,2,38753
55,32,100499,1,233588
57,35,108773,3,307094
34,13,48799,5,260748
23,1,23318,2,39801
21,0,21701,3,64221
25,1,22494,4,124151
46,22,77489,1,136077
34,12,54727,3,108184
59,37,115769,3,321125
47,25,80331,5,347659
29,4,27721,3,65958
35,11,44032,5,245685
35,13,55929,1,77502
46,23,77753,1,150322
33,10,41996,4,155936
52,27,87811,5,367303
59,34,100277,5,433472
52,31,95589,2,229422
24,3,23023,2,36204
50,29,91775,4,289982
57,32,100365,1,236988
43,18,63122,2,104996
59,34,108167,3,288400
35,12,50190,1,70751
49,24,79575,3,195914
56,33,105227,5,433564
33,12,46797,1,77500
52,31,94631,4,309652
27,6,37322,5,231178
42,20,71500,5,312173
48,26,80815,3,203619
22,0,23634,5,206972
26,2,26666,2,40744
48,24,75142,1,153328
48,26,81410,2,177155
40,18,60534,3,145181
50,26,89908,3,206183
31,7,35864,1,45816
48,23,73532,5,326334
45,21,70842,4,216986
59,34,109602,3,296828
53,30,96085,1,219053
21,0,19500,4,122129
47,23,73672,5,333680
33,11,51580,3,112802
23,1,22017,1,28709
59,37,115507,1,277009
26,3,24141,1,28161
28,7,32971,3,84134
47,23,75440,4,241337
29,8,43738,1,61596
57,36,109726,5,452144
53,32,102670,1,234326
44,22,73723,4,225997
35,10,40363,3,94604
52,30,93309,1,206659
52,30,90545,1,208517
44,23,75740,5,333964
32,10,46665,5,249326
59,38,111936,1,280675
22,0,24154,1,29638
23,0,15882,5,203883
57,36,108840,4,371879
37,12,51923,2,89930
22,0,24062,2,33131
22,0,19611,1,25781
48,27,91557,5,373386
43,22,75204,3,179869
57,34,107288,3,293065
52,29,90703,2,210933
53,32,97244,4,327871
21,0,15018,2,25941
39,17,58141,1,92911
22,0,18083,4,119756
46,22,75200,3,168043
52,28,93521,5,382531
26,4,25865,5,219749
52,29,88273,1,183125
24,0,19732,2,30470
31,8,38518,1,58057
37,16,61795,5,275689
58,34,106984,3,291906
44,21,70067,5,308982
25,0,16674,4,111129
54,33,98239,5,430320
26,4,26545,5,218662
42,20,74327,4,224271
31,6,35127,2,53364
36,15,59447,5,269251
53,29,94120,1,194855
29,6,39065,5,239097
26,5,32055,1,39399
36,14,55645,4,174193
49,24,83943,5,344372
23,0,22124,4,123271
40,17,66545,4,202697
56,31,96232,2,224183
39,14,52283,5,258546
46,25,87021,1,165165
23,0,23669,1,32554
39,16,61998,5,287609
40,19,67913,2,128485
52,28,86269,2,195654
27,6,37868,2,53764
53,32,97603,1,225461
59,34,105961,4,349309
38,14,59661,2,103271
21,0,23569,1,25440
31,8,42557,1,66898
48,24,76680,4,246102
45,20,73433,5,310798
43,21,76611,5,327849
51,30,95682,2,209570
50,25,85584,2,178984
55,31,97867,4,313223
27,6,30069,2,55789
36,13,51424,4,173608
46,24,81200,1,156195
22,0,17007,2,34080
21,0,23992,1,21894
32,11,50619,3,113033
25,1,20279,4,111676
57,36,109920,3,312292
52,27,83255,2,187073
29,7,38995,1,39879
55,30,95935,2,220679
39,14,59513,3,128062
36,12,47330,2,76215
23,1,23205,5,207602
40,19,70801,3,160281
44,23,73516,2,154327
53,30,97347,1,212221
44,23,80716,2,159760
31,7,37438,1,44465
28,3,25338,5,227518
56,31,93237,2,223545
58,33,103700,5,422194
40,18,68371,3,151223
55,34,100231,1,243946
45,21,69417,3,164829
55,33,106034,1,251985
45,22,75918,5,319449
49,25,80123,4,255230
38,14,58646,2,91892
38,14,56401,5,267755
22,0,22072,1,34012
55,31,94776,1,217403
36,15,59893,1,92619
56,32,103787,1,227949
53,28,88874,2,197070
24,0,19530,3,71065
53,30,97164,4,307900
34,11,46997,2,74538
41,16,62933,1,100636
40,19,64635,2,124493
28,7,39227,5,230649
27,5,29065,1,33880
23,0,15308,4,124420
37,13,56034,1,82734
53,28,93627,4,280101
32,10,48368,4,161479
42,17,57638,3,142693
42,17,57693,3,131711
50,28,88257,2,196052
58,37,110735,2,298923
58,34,100942,4,340476
28,6,34620,1,41965
47,24,80720,5,334419
47,26,86353,5,364085
54,31,97457,1,217654
41,20,74145,1,116070
50,26,89494,3,207250
53,29,90881,5,380733
48,23,78339,4,236294
53,30,92880,2,212540
25,4,29887,3,86030
39,15,53045,5,274202
24,2,21927,1,12940
55,31,96652,5,402300
37,15,52504,4,178016
48,27,88033,3,212468
50,26,89554,1,178845
49,25,82878,4,247591
26,5,33733,2,56297
55,31,95163,3,262590
57,35,111965,4,371287
44,20,68326,4,207974
49,26,83659,1,163344
51,26,81131,2,181794
55,33,102263,4,339256
53,30,96737,3,253521
41,20,70092,4,222770
52,30,96022,5,402566
43,18,63159,3,146990
53,28,91159,3,228916
23,2,27318,4,118797
38,17,65945,1,103674
45,23,77807,3,184662
51,27,91020,5,365331
23,2,23044,1,26672
44,20,74612,1,122320
52,29,93136,1,205282
42,17,60392,3,141061
43,19,67788,1,113749
22,0,20812,4,119516
47,23,73154,1,136368
22,0,20481,5,204722
46,25,78259,2,165769
37,14,56782,5,269802
53,32,96798,3,265124
29,8,40159,1,52384
59,34,108446,1,246792
49,26,85262,4,265898
46,22,73823,1,132992
55,32,96876,5,394611
45,20,71154,3,178631
44,23,80287,2,155293
33,8,39516,1,47620
27,5,31234,2,41661
56,34,109436,1,248848
40,16,60972,3,134448
21,0,21639,5,217578
28,4,30356,3,74044
36,12,51380,2,81922
34,12,46008,1,73509
32,8,39314,2,58932
43,21,77202,5,321167
35,14,52508,3,114720
48,23,77258,2,165003
54,30,92682,2,222244
22,0,22311,5,210806
52,29,88489,1,193071
43,19,70946,2,129546
42,21,72211,5,315299
45,24,81479,1,147964
42,19,69464,1,123057
42,20,73075,3,163799
26,2,24452,5,224003
35,13,55947,1,82636
57,36,106007,3,293981
53,31,98996,4,308147
28,7,42447,5,227336
25,3,30188,4,122797
59,36,108908,1,262479
24,0,17803,5,208485
26,3,26879,3,68958
52,29,87598,1,197880
50,25,85888,5,352197
55,30,90877,5,389575
36,12,46868,4,173044
33,9,40165,1,55139
50,27,83888,3,215465
39,16,57415,3,127487
37,16,63761,1,93061
39,18,62637,1,109989
48,24,82242,2,170755
46,22,79257,4,244874
57,36,113613,1,277587
46,25,80383,1,158597
43,21,68704,2,139619
29,7,33044,2,52842
32,11,43723,5,252629
21,0,18172,3,67023
21,0,23959,4,120796
54,30,96450,5,405056
52,28,91520,1,197201
45,24,75654,2,160462
21,0,21821,3,67354
36,15,54946,5,273853
59,37,113392,3,323001
25,2,28412,2,52457
42,20,68666,5,310114
49,24,79277,5,335612
23,1,21902,3,59222
32,7,35069,2,50573
46,21,73015,1,133562
36,14,59205,5,271397
57,35,106485,1,261211
42,17,65667,2,120388
49,26,87448,5,370131
34,9,41810,5,240157
48,24,78019,1,145436
25,0,18681,4,125643
50,27,92135,1,177829
25,1,21696,1,17833
32,11,43072,4,164984
36,15,62024,2,109235
46,23,77253,2,158837
46,21,74582,5,318432
41,19,66502,3,152405
59,36,110629,3,308114
56,32,103417,5,416861
53,29,91700,3,237122
50,29,89497,1,189044
57,33,106463,1,239101
43,20,72422,4,209302
30,6,34524,4,137633
25,2,28625,5,218995
56,34,103407,5,442999
54,33,104231,5,428608
51,27,90295,1,180574
30,7,41557,3,89335
39,14,52793,5,269367
52,31,99834,5,407952
21,0,17911,1,23982
25,2,27952,1,33817
24,2,22415,1,25051
36,14,50250,3,114471
44,20,69951,5,306023
36,12,53098,2,80631
22,0,20289,2,28638
48,23,80602,5,344614
52,29,94757,5,387960
47,22,75565,5,324128
40,18,66437,5,293537
44,23,81610,3,191254
32,9,38673,2,68971
55,32,103624,4,330520
53,28,85835,2,200762
53,31,94762,2,223389
57,35,111589,1,264628
32,7,37067,5,230140
23,1,21315,5,211310
21,0,15246,5,210788
53,32,97429,1,228246
30,7,41682,3,98595
49,28,94118,3,231175
33,10,45287,4,151892
32,8,37607,3,90907
51,29,96766,3,242860
22,0,20930,5,211803
55,31,96522,2,229108
43,22,74784,3,174381
37,12,51617,3,113335
46,24,78151,1,157317
28,4,30580,4,136120
49,24,82054,1,154146
46,22,77706,5,328121
30,6,37619,2,63724
46,24,79573,4,246033
54,31,95991,1,213883
27,2,20706,3,67818
24,2,26997,3,72991
31,7,37733,4,137908
49,27,91445,3,216347
56,33,103255,1,240972
45,20,71960,1,122967
41,18,68779,3,143018
56,35,103834,3,292377
30,5,33088,5,229001
57,34,101847,2,256369
29,5,34351,4,143501
44,19,69711,1,107614
55,30,97865,4,312954
55,33,100817,5,421677
56,32,101811,1,228228
38,17,57664,5,275128
59,36,112060,5,462125
52,30,93057,3,236583
44,21,71928,4,228457
43,22,70402,4,220355
52,31,101105,3,254306
57,32,103236,4,320719
32,11,48849,3,102849
33,10,44157,1,65007
43,19,63367,5,305146
45,21,75710,5,316667
55,30,90364,4,298531
50,27,89967,2,195896
37,14,56571,5,268904
40,19,63079,3,152352
45,22,77674,2,151333
42,20,73737,2,135829
33,12,51468,5,251788
39,17,61650,5,287695
56,31,95539,5,407630
32,8,39137,3,85985
39,14,50452,2,79250
32,8,41537,4,146179
29,4,26381,3,78669
27,4,33154,1,44793
48,26,81467,5,351024
34,10,42738,2,71735
51,30,97572,3,253219
39,17,66908,1,113659
36,15,59247,3,121874
25,3,23380,3,61615
55,33,100649,4,321680
32,7,40776,4,141823
45,21,75392,3,177743
41,17,61644,1,98305
56,34,101168,2,249827
43,20,68129,2,132702
36,13,51145,5,263066
59,38,112526,5,472940
59,38,113516,2,300985
34,9,40867,3,94559
51,29,94838,3,244067
25,4,28555,4,125230
55,34,105111,4,340266
43,21,74252,5,327674
49,24,75445,2,159114
31,10,46364,3,102591
38,13,51126,2,89687
32,8,39016,1,41821
29,4,28875,2,45022
30,7,37997,1,39548
37,14,56238,4,178064
58,33,97761,4,335946
27,4,29992,5,216579
33,9,41525,2,57552
29,7,40783,2,70421
47,24,79222,1,147866
22,0,19175,4,109442
25,0,24174,1,35769
49,25,80943,4,249930
57,35,107511,1,268795
58,33,98193,4,330883
39,14,58347,1,92906
28,4,26812,4,127902
21,0,20724,1,29302
42,18,61407,2,111054
37,15,60532,5,274923
27,3,31908,1,26070
45,20,66410,5,310368
24,0,18497,2,34514
56,35,106872,2,265315
26,3,29894,4,120309
51,27,83051,5,363520
39,18,69368,3,160247
59,36,109332,4,364882
47,23,73497,5,324944
30,8,39076,1,45970
46,23,78599,1,153505
39,14,55555,2,90298
59,38,114052,3,330696
23,0,20303,1,28851
33,10,48118,5,253445
48,23,78602,5,331757
40,16,60490,1,92415
48,26,88564,5,368351
28,3,28116,5,213354
59,37,109748,2,289696
21,0,15848,3,50498
23,0,21354,2,41138
33,11,51195,3,106480
48,27,90570,5,365891
45,24,83894,3,200422
53,28,88625,5,367317
58,34,100314,5,434350
26,1,19876,2,32273
52,27,91732,2,189345
41,16,59378,4,184426
36,15,60949,1,88907
41,20,65574,4,210633
31,6,39744,4,136551
57,36,110585,3,312637
56,32,100492,5,409228
55,30,98949,5,387023
39,18,62810,5,301908
40,18,68134,1,112703
38,13,56796,3,130663
34,9,43170,3,90891
35,11,50215,5,257433
51,28,91567,4,290200
21,0,18459,1,20692
23,0,21117,4,111734
36,12,48992,2,79829
43,19,70337,3,160728
31,8,35203,3,88804
32,8,37775,4,144006
30,9,39492,1,57598
52,27,84743,3,221133
36,11,50998,4,161779
28,6,31687,1,32144
58,36,109109,4,366221
32,7,34360,1,40566
44,23,77676,5,332894
48,25,78222,1,165289
28,5,36471,2,55898
48,27,91220,5,376521
56,33,102393,4,328495
46,22,70343,5,325040
28,3,27898,5,227100
48,23,80900,4,244541
48,27,87236,4,286166
57,34,103406,2,254398
56,34,109503,4,345508
47,25,78419,3,200928
37,14,55819,3,123071
29,7,34544,2,51029
53,32,95418,1,227133
40,19,64249,1,114046
33,10,47378,3,99586
48,26,81099,4,263004
49,28,88392,2,202187
33,12,47772,1,66149
55,31,99284,1,223088
26,2,21545,5,207269
38,17,58570,3,133420
25,2,26522,4,130559
45,20,66850,2,133518
22,0,20053,1,13878
30,9,40439,5,238187
50,29,94694,3,242562
25,4,30851,3,75965
53,30,96673,2,224004
21,0,15678,1,19437
38,17,58488,2,107545
52,31,102299,2,232963
31,9,39002,5,244157
41,18,61789,3,147923
46,25,82781,4,259484
45,23,77527,3,185551
42,17,58925,3,134720
47,26,86654,5,357500
33,12,47440,4,168683
53,31,99356,1,225268
54,31,99867,4,312264
55,34,109470,1,254589
21,0,17594,4,117766
41,20,69689,2,135134
26,1,19936,4,120263
48,24,80517,5,335416
37,13,56719,1,75601
25,0,21310,3,69660
51,28,88539,5,381744
25,4,28483,1,26495
58,37,114871,1,285152
23,0,17241,3,63651
43,18,66378,2,109679
57,36,107765,5,449978
57,36,114365,3,314484
30,7,37411,3,83204
30,8,35403,2,58528
39,15,55882,5,280854
37,13,51663,3,111139
41,19,70130,2,128981
34,13,47587,5,256363
29,6,39350,4,142671
21,0,20816,1,24025
33,9,42970,2,80515
24,1,23776,1,34763
21,0,20739,4,110514
52,31,96773,3,252252
54,32,104573,3,268383
48,23,79023,5,327671
51,27,87503,2,184221
28,5,35538,2,51886
59,34,106606,5,433847
46,23,74564,1,138770
54,33,102815,3,288417
23,2,20317,3,59782
32,11,44002,2,70866
21,0,21130,2,38517
25,0,22419,5,209686
50,29,89542,4,284633
50,25,82098,1,161308
37,14,50118,4,182641
43,18,60709,4,196621
35,12,48557,2,76078
57,34,103250,2,260631
41,17,65561,2,113991
34,11,51109,4,178043
22,0,17603,1,16928
31,9,38601,2,71469
59,38,114421,3,338737
58,34,107857,1,250810
54,30,98177,3,250979
58,34,106082,1,245792
54,32,101658,2,238165
38,15,54761,5,270358
50,29,95521,2,213230
35,10,40508,4,144244
47,24,77379,4,247816
54,32,103879,1,231849
58,35,107252,4,356882
53,30,99484,2,226460
44,22,75495,3,176465
35,11,45709,2,77469
50,26,87398,1,173582
37,16,61743,4,195140
25,4,30648,3,76648
49,25,82671,5,349996
24,0,22890,3,64797
30,7,32824,3,88083
37,12,48557,2,82822
30,7,36087,5,225259
37,13,47651,1,70031
40,19,63454,1,110331
44,23,76854,3,184348
25,0,22160,3,65543
54,33,106883,4,333161
26,2,20687,5,210407
22,0,23501,3,64190
33,10,49694,4,165757
31,10,43127,5,240131
43,21,74263,1,132036
36,15,55895,4,178348
51,28,94005,5,388979
31,6,30845,4,139928
36,13,48664,3,104112
28,6,35904,2,50482
24,0,24959,1,32733
24,3,27860,3,73646
45,20,65354,3,159583
23,0,16872,5,207166
52,29,89524,4,295359
23,0,17817,1,25061
47,23,76332,3,182619
49,24,83257,5,337800
52,30,92581,1,197790
39,17,67082,4,200363
41,20,74322,3,156902
25,4,27486,3,73160
38,16,64026,3,136745
48,23,80918,1,159457
42,20,67443,1,122018
41,20,73919,1,126552
26,4,26036,1,23455
21,0,23684,5,206552
25,0,22435,2,39841
32,8,36548,5,232722
46,25,86835,3,218691
54,29,92565,5,384889
34,12,51496,4,168340
46,24,81183,1,148898
47,23,76457,4,244434
29,8,38407,4,139778
46,25,78139,3,199941
42,19,62672,1,114910
50,29,93166,4,294561
37,13,51854,3,124378
46,23,76459,1,142065
56,33,106208,2,261745
21,0,23714,3,59539
28,6,32886,5,230941
55,34,102164,1,246071
35,12,48945,4,161484
42,20,70235,4,209288
34,10,47746,5,248662
46,24,77590,5,336270
48,26,87754,4,269578
43,20,69934,1,126498
34,11,46576,3,100273
44,19,67685,5,310816
22,0,16093,5,202660
46,23,76380,5,334050
34,13,54059,2,89509
27,3,25285,1,29031
23,0,21065,1,24605
43,20,71539,1,119777
38,14,51574,1,77696
58,35,108176,1,254617
55,33,105560,4,333893
35,10,43990,5,243956
45,23,77710,4,245016
57,34,104845,2,258465
48,25,86785,3,203884
30,8,36189,5,234869
59,38,112689,2,303593
37,16,59095,4,185819
59,38,111875,3,332346
42,19,70268,2,128054
46,22,73406,3,172702
45,22,79979,2,151181
37,13,51432,4,175418
33,11,52299,3,107631
40,15,60740,2,104245
45,21,72908,4,219015
24,3,26361,5,222437
30,7,39906,4,141271
23,1,20333,4,120294
38,17,62785,5,286747
56,34,109589,4,350733
42,17,65145,5,292902
54,31,101523,5,407939
28,5,32277,5,215687
39,14,52735,2,96830
57,34,108273,3,291353
26,2,28278,2,44678
46,24,81368,5,345126
54,33,98321,3,271535
26,1,25025,3,70310
57,33,97662,5,416663
53,32,102777,3,272334
42,21,69432,3,166310
41,16,58535,2,102422
26,2,25956,3,69250
26,5,30946,5,218250
24,3,25290,1,31335
50,26,82707,1,171391
31,8,42959,1,56347
50,29,91433,5,391363
51,29,90885,1,196910
44,20,71636,2,135025
29,8,35922,5,227570
23,0,23089,5,220291
51,29,97274,5,382283
57,36,105564,3,307286
56,34,103258,3,283884
44,22,72500,3,174911
51,28,89566,4,277185
26,4,34179,2,54637
22,0,21881,5,206365
40,16,58636,5,285887
48,25,83530,3,198231
31,6,30223,5,229399
24,3,28797,5,215142
35,11,42850,1,58596
26,2,27314,5,217364
50,25,79428,4,250188
58,35,110243,3,297996
22,1,26040,2,35738
35,12,49732,2,83406
31,9,38517,1,52214
28,5,29726,2,47229
46,22,77206,2,149342
25,4,32170,3,79333
26,3,28707,3,77617
46,25,79919,4,257477
24,3,28740,1,32195
39,17,59393,2,103089
40,18,65322,4,193516
53,29,95218,1,201553
40,15,59378,2,91612
32,11,43625,2,71708
21,0,18117,3,67310
46,22,74161,5,317653
34,13,51542,1,69611
58,37,111933,2,296037
57,32,103638,1,218549
31,8,37658,4,145727
56,34,103483,4,350025
33,10,42944,5,240721
23,0,22210,2,30828
53,31,100153,3,263163
26,3,31287,2,40593
30,8,36986,1,52620
25,4,26074,4,120547
43,20,69305,1,131087
30,8,38007,5,238898
22,0,15969,4,113919
33,11,51272,3,117485
22,0,17824,4,120741
40,16,56211,2,103974
21,0,15229,2,19592
57,32,99284,4,319216
29,6,33185,5,232752
37,15,53001,2,88460
29,8,35048,2,53219
31,8,38566,3,84115
35,12,48055,4,166146
44,22,78880,2,157298
58,37,107886,5,469128
55,34,100969,1,241324
50,25,86697,4,263640
51,28,90820,3,224980
25,4,28052,2,42919
34,13,54897,5,267997
31,7,34802,4,144468
29,5,29783,5,211856
54,33,107299,5,430292
32,7,36866,3,92842
55,34,100122,4,340403
55,33,104299,2,251792
21,0,24472,3,63836
42,17,61227,2,118170
49,27,90950,1,181266
28,3,31639,5,221958
31,9,42458,1,53806
57,34,100524,5,431844
34,11,51579,3,116447
50,26,88399,2,180988
55,33,97648,2,245290
41,17,65501,3,145916
57,35,102937,4,346435
25,1,21249,1,24573
39,16,63186,1,107782
34,9,41953,2,57550
46,22,75336,2,146989
24,2,24551,2,40203
45,23,75323,3,181023
45,22,75728,4,247839
38,16,63677,1,101680
28,7,40891,5,231289
59,34,101982,3,274238
34,10,46996,1,64917
52,27,92163,4,276024
58,35,104811,3,303395
53,29,94725,1,200010
43,19,72213,3,156631
35,14,50604,1,75497
53,30,98175,1,216847
45,23,78285,4,243442
37,16,64609,5,294568
53,32,99597,4,321641
22,0,22759,1,30330
34,9,45032,3,102368
59,34,108740,4,351549
26,5,28338,5,218368
26,4,28815,1,36682
23,0,15847,4,113200
27,2,24709,4,122731
28,6,34507,4,133037
35,12,51575,4,157053
49,24,79773,3,199554
53,29,91968,5,386785
50,27,87692,5,359956
59,36,108320,1,273648
47,23,77198,2,162778
56,31,96811,3,260999
49,28,88673,1,183714
58,34,101564,1,242764
53,29,89340,4,287760
57,33,103558,2,255103
47,24,82131,2,169405
53,31,93226,3,267237
24,3,31936,2,38731
42,17,64197,1,103474
22,0,24257,2,28378
30,8,35282,2,60345
25,1,18581,5,213535
30,9,41385,1,62215
53,28,87881,2,199143
58,33,100470,2,238223
33,9,46844,4,154953
51,29,94485,2,213668
56,35,103447,2,261901
44,22,74760,5,322535
35,13,57409,1,75603
49,28,85066,3,220502
28,7,41328,1,55510
25,0,23505,4,124905
49,24,75564,1,143127
24,3,32293,2,43768
32,9,46517,4,155082
22,0,18670,1,23062
47,24,84217,4,249782
51,30,92251,3,247213
56,31,93304,1,214427
56,34,104631,2,246947
46,25,87083,4,258904
47,23,73735,5,325473
25,2,26720,4,128591
40,19,69406,5,306906
31,10,46016,2,64135
30,5,31049,3,79141
58,33,105438,5,427888
26,1,21641,3,64973
28,4,31966,4,129056
43,18,69546,2,123556
46,25,82835,5,354766
32,7,37577,4,142577
46,24,80611,1,154698
33,8,43089,4,147012
38,14,52892,3,125213
45,23,78077,2,150753
53,32,98618,2,233728
32,11,44059,4,150447
56,33,104183,1,241846
24,2,21507,3,70305
25,2,22063,4,118899
57,35,106142,4,348354
28,6,32000,2,58742
48,24,76294,3,192010
51,28,89065,1,190112
29,5,35514,2,51883
49,27,92445,4,283190
34,13,49103,2,85412
42,20,66322,2,127275
31,7,38456,5,232746
43,20,67441,2,125781
21,0,16098,2,24055
57,33,102573,3,276829
41,18,69697,2,129628
46,21,76818,1,129747
56,35,110988,4,362649
43,22,73787,3,171812
21,0,17096,2,21842
35,12,47208,1,71520
41,18,65988,4,212291
29,7,32675,3,77096
29,7,39669,1,41519
30,9,43514,2,69908
46,21,69167,5,308651
55,33,106367,5,431630
45,23,74323,3,187660
46,23,77647,1,147960
31,6,31356,4,138204
58,37,110572,1,285075
22,0,18259,5,212468
27,2,26199,3,69565
38,13,48046,2,87261
47,26,85231,1,172433
54,29,95465,5,390161
47,22,72083,4,245181
37,12,47040,3,108988
44,22,74534,2,140645
45,24,76752,1,149984
27,2,29807,4,126894
26,1,19349,2,32225
44,22,72642,5,326509
53,32,96600,5,416872
49,26,84402,4,264913
42,20,68799,5,300699
46,25,78118,3,197793
48,23,73632,4,234235
41,20,70491,5,310323
27,6,35795,1,43170
37,16,62633,5,289894
40,17,58987,3,138741
40,19,70348,2,126167
42,19,67509,2,119261
48,23,82249,5,336828
27,4,27113,2,42970
21,0,16044,5,203911
52,27,84931,3,220947
33,10,47979,2,67705
50,28,86582,1,182349
43,19,63808,5,298332
39,18,64917,2,116119
52,28,93793,3,230749
50,29,89120,3,234238
49,28,92503,1,195432
49,24,79766,3,192803
50,29,92862,3,228433
36,15,57692,2,96558
39,16,61622,5,285440
38,14,56093,4,182466
21,0,21704,3,67973
34,13,47600,3,116605
22,0,21657,4,120009
48,25,83375,3,204030
50,27,86771,2,185181
58,36,105237,2,266524
24,3,29726,4,121638
21,0,23032,3,61702
28,5,32718,3,71659
49,26,84025,5,355100
59,34,106073,3,287702
23,2,22542,2,41551
52,30,91537,1,200351
30,7,33254,1,43736
30,8,42396,1,51877
39,15,60323,1,86910
54,33,103007,3,274868
53,29,91735,3,227138
43,19,63040,5,301041
48,24,80510,3,200981
52,31,100961,1,220603
27,6,37926,4,140551
49,24,80131,4,247691
28,6,38697,2,53156
21,0,16129,2,33333
23,0,18145,3,62080
44,19,71053,4,199332
43,19,66220,1,109306
28,3,32148,1,26702
57,34,104067,1,256624
23,1,21695,3,63295
53,28,94873,3,234896
48,25,86744,5,351317
28,5,34781,1,47034
54,31,95009,1,220452
55,32,100016,3,266718
52,28,91533,3,238862
44,21,72227,5,317093
34,10,40681,5,235600
52,28,88932,2,199672
36,13,53060,4,174807
24,2,24016,1,27249
57,34,107339,1,250061
41,18,60719,5,299200
34,11,42574,5,241384
51,29,96985,2,200166
38,17,61657,4,203472
27,6,38511,2,50860
30,6,32149,4,133435
27,3,32144,1,34996
53,31,102247,2,239965
43,18,66713,5,303707
41,20,69207,2,126025
39,15,59641,2,108545
39,18,68652,1,118844
56,34,109078,5,439874
49,27,86436,5,369998
38,13,56807,3,125791
22,0,16075,3,57072
21,0,18876,3,60268
25,1,22115,1,28681
40,19,69765,2,120142
31,8,41379,5,237269
22,0,24118,5,207376
23,0,19652,2,40609
43,19,69292,5,301724
32,7,41747,2,63568
40,17,64956,1,103243
25,1,22174,1,24376
57,36,105541,1,268175
58,34,102161,2,253867
50,25,79751,2,169758
29,7,41744,4,144914
54,33,102069,5,422452
55,32,97744,5,414479
42,17,63541,4,195346
44,22,74675,4,240330
37,13,49060,1,76944
30,8,36164,4,135497
50,25,82919,2,176673
43,18,62722,3,142094
52,30,90470,2,215308
37,13,57108,4,172692
37,15,53968,5,260455
34,9,45425,2,69756
29,4,25808,5,210375
22,0,23363,2,39221
45,22,76719,5,326772
59,38,115073,2,302053
29,4,33012,5,233879
42,19,64145,3,145128
24,2,28249,1,29027
46,22,71129,2,139285
49,27,83853,3,225959
54,30,90767,1,211348
43,20,68895,2,125224
57,36,113874,3,310326
31,9,40954,3,89695
26,4,32329,3,74075
38,16,56790,4,181336
41,17,67169,5,289600
56,33,98385,1,240069
58,36,112734,5,470128
54,32,98906,5,405884
37,16,59492,5,275466
57,36,114730,3,316377
45,22,72073,5,313351
58,35,102812,4,351649
32,7,38769,2,61909
43,22,75317,3,180840
42,17,58310,1,100410
41,17,64341,2,111624
47,22,72032,2,144963
51,29,97199,2,208301
26,1,24629,5,216650
47,24,77705,5,346101
54,30,98788,3,253919
32,10,42147,5,240731
27,2,20615,5,215728
30,6,30947,5,236995
37,13,53177,3,118132
46,24,79651,3,195723
41,16,62866,4,196254
48,24,77013,4,237950
22,0,18697,4,114401
21,0,15490,4,110600
56,32,99350,2,242884
46,25,79928,2,174199
49,24,79987,4,248423
41,16,63733,4,190863
31,6,39479,1,39346
31,8,44825,2,66907
56,31,97420,1,213947
59,35,105426,1,253253
55,33,107044,5,434255
54,33,104782,3,284391
44,21,71876,2,137873
42,17,66990,4,193184
25,0,19868,4,113738
53,31,99486,3,264512
56,34,106862,2,264400
40,17,61923,4,193443
39,18,66870,4,205163
55,30,98159,5,387684
37,14,52073,1,69300
54,30,96170,4,314375
29,5,28201,2,48053
46,23,80613,3,188281
22,0,21825,5,209100
29,6,37867,2,47697
29,4,29264,5,225970
37,15,60468,1,86243
21,0,23146,4,124346
45,20,72776,2,137036
45,22,78558,3,180477
59,36,113719,1,268947
55,30,94886,1,202340
23,0,18935,5,210224
57,36,109619,1,271595
50,27,87691,2,191406
58,34,106875,5,439165
54,31,100356,1,211812
32,9,42901,3,100756
39,14,53022,2,89882
57,34,105738,3,295366
37,14,55984,3,112922
30,6,31770,5,228835
32,7,42469,4,149706
36,13,56489,5,259718
44,22,73215,2,143618
39,18,66694,2,115396
28,4,27976,5,223952
51,28,88737,4,284441
41,19,72403,5,314497
37,14,50752,2,90246
43,20,66392,4,217493
57,32,101789,2,247089
36,11,43177,4,159349
26,1,17605,4,113884
28,6,34753,5,225961
45,22,71946,5,320727
38,17,63044,5,292246
45,21,68595,4,217284
32,7,39485,4,147185
35,10,41782,2,70195
46,23,77041,3,178434
46,23,75757,5,333434
52,30,96213,2,221082
30,8,39869,2,59196
36,11,44061,1,63598
27,4,29006,5,218027
37,16,64867,2,111785
43,19,71814,1,119234
46,23,76481,5,323491
41,18,69493,4,206962
42,20,70682,1,121328
27,3,28282,4,130699
34,9,38443,3,95781
35,12,49550,3,107584
27,2,29137,3,68330
29,6,30600,3,69339
28,3,28876,2,40125
43,19,72109,3,157752
49,27,84024,2,180727
38,14,53766,2,96791
51,30,90250,5,391140
50,28,94736,2,204213
59,35,102578,2,266214
55,34,103123,3,288273
38,15,61589,2,106794
59,36,112064,4,372349
37,12,53417,3,112611
34,12,46209,1,66999
51,28,90153,3,229677
44,22,74898,2,147584
55,32,97178,4,324819
54,29,95110,3,246986
23,0,23895,4,123455
57,32,97544,1,221943
46,25,83022,1,165744
43,20,67370,5,308228
59,38,113281,5,473820
35,14,54710,3,123442
24,2,20328,5,207507
49,26,85579,4,270349
42,21,71728,5,318009
45,21,74294,4,227928
33,12,45120,5,252732
38,14,56749,5,260142
53,31,93464,5,394452
36,15,56724,2,97949
22,0,18675,2,40031
55,33,103194,5,428597
54,30,92076,4,309466
50,28,91865,3,230859
33,12,50643,1,71908
33,10,48524,2,82289
38,15,57749,5,274492
52,28,86316,1,181123
52,28,86196,2,198019
55,32,98170,3,271562
59,35,112121,4,355711
49,27,82855,5,364700
49,24,84718,3,197791
36,11,42528,2,74184
30,8,36013,5,235160
50,25,86519,1,164947
45,24,77024,4,245213
59,37,115990,2,295223
40,16,60839,4,191352
25,3,28291,5,214640
21,0,15754,3,54898
50,26,88961,4,268011
23,0,18735,1,24033
34,10,41238,2,60880
50,25,79406,1,159370
24,2,27399,4,122257
38,17,65461,3,141623
57,33,107256,3,279695
45,21,76910,1,135902
21,0,19601,5,207995
35,10,49549,5,255407
29,6,31460,3,80608
35,12,52669,1,66563
44,19,63916,1,107456
24,3,30266,1,33900
32,9,38928,4,146993
57,34,104378,5,430799
57,33,105029,5,434288
26,1,21974,4,124497
59,37,110571,2,283347
44,23,73055,4,237782
31,10,48547,1,64298
33,8,36563,4,149102
54,30,91040,1,197010
45,21,70186,3,177505
27,2,22553,1,22478
24,0,16779,5,208091
28,7,32575,4,133663
40,19,66826,1,112965
49,27,88335,2,183287
30,5,32557,3,84441
54,31,94849,2,225140
46,23,75273,2,153424
23,1,19762,2,45284
26,4,28229,3,77526
25,1,17892,3,57170
25,3,23608,3,64136
43,21,71862,3,170021
29,6,35188,2,57681
55,31,101302,5,417284
40,18,65057,5,286596
55,33,101498,3,280713
38,14,58864,4,185862
37,12,51566,1,69358
44,20,68677,4,214395
23,0,20796,4,110484
52,27,88863,4,273998
55,34,108123,5,439903
58,34,108222,1,261052
33,10,47690,4,166761
45,20,66400,3,153353
29,5,31571,5,231680
24,2,28808,3,61961
34,10,42786,3,95081
57,36,112169,4,366739
54,30,90870,3,244948
31,6,34196,1,43028
23,0,24604,3,68772
48,24,77739,4,245784
49,24,75940,3,194277
29,7,32840,5,231999
23,0,22422,5,210314
45,23,76633,5,335424
54,32,95659,2,245201
32,9,47252,5,243665
29,5,30957,5,232153
35,10,49848,2,73730
45,23,75475,5,337106
25,2,29241,4,124991
31,7,32953,5,232641
54,30,99896,5,400614
44,23,80684,2,150757
35,14,55442,4,187339
58,36,105818,3,302000
28,7,37368,1,40640
25,3,22512,4,118394
46,21,75227,3,184983
38,16,55920,4,179411
26,5,32420,3,78891
57,32,97418,3,259742
33,12,54506,4,165667
48,26,86475,2,175437
25,2,22017,4,122072
33,9,45457,4,153010
37,16,64420,3,132943
52,30,94792,1,212818
49,24,81830,3,200263
23,2,22434,5,214290
54,33,100368,4,337221
47,23,73938,4,235432
33,11,46043,2,76814
53,30,91781,3,242795
26,1,23843,2,30506
44,22,72263,4,230959
39,14,50211,3,118144
36,15,61199,3,131428
48,24,81159,5,343488
53,29,94527,5,394246
33,10,40331,1,55448
45,21,74360,5,313594
56,35,110544,3,301285
47,24,83169,5,342864
58,36,113742,1,280319
27,3,28220,4,127993
25,2,29133,5,213372
51,30,90727,3,247334
43,18,64975,4,206520
30,5,30743,3,77178
52,31,93148,4,313369
50,29,92595,3,243593
59,34,106614,5,435666
51,28,92135,5,373294
38,13,48509,1,73269
56,35,104050,4,354213
22,0,23995,1,26728
34,12,52492,2,79549
33,9,40901,5,241574
49,25,84947,4,249699
32,11,47924,1,64881
59,34,104241,1,253436
22,0,18161,2,36448
52,28,89155,1,170096
33,8,42478,3,92335
47,24,83719,5,347095
37,13,56715,1,75574
51,28,91617,1,189417
54,29,93160,2,216438
44,22,78624,3,178303
55,30,91176,1,213069
26,5,35456,5,224330
39,16,63592,5,291981
50,28,87233,1,186980
27,4,29700,3,69888
30,7,38406,5,241252
52,28,92860,5,372567
54,33,105026,3,276546
48,25,83059,3,204848
35,10,46732,1,63436
50,25,80013,4,256382
57,33,105330,2,250728
49,28,94965,4,282968
42,21,74444,4,223462
24,0,22910,5,218931
40,18,65649,3,141544
52,28,86096,5,380058
56,32,104120,2,245059
24,0,16951,1,17386
47,22,79746,2,143575
37,15,61686,5,269792
32,10,47799,5,248079
42,21,76304,5,317698
37,13,48095,5,259423
30,6,37875,4,149190
21,0,24033,1,29900
42,21,71939,4,223575
46,22,75972,5,331316
38,17,58358,3,137331
34,13,53019,4,180017
49,24,82385,5,339564
32,11,51136,5,249977
56,34,109980,1,244678
55,33,101817,2,248369
32,9,40954,4,143060
27,2,21030,4,113425
49,26,89487,4,275698
31,9,45406,5,236495
53,30,91447,1,205704
26,1,20350,5,209633
35,10,48106,5,250866
52,31,99651,3,266551
31,7,42003,1,47734
43,22,76952,4,241396
46,21,71555,2,131353
54,32,100402,4,326855
54,32,104281,5,426362
49,28,86672,1,165901
24,0,19532,1,22775
37,15,57424,1,88300
55,30,96085,3,249344
33,11,50234,4,171951
59,34,104864,3,284985
35,12,54316,2,80473
49,24,76221,5,337156
49,24,77860,3,197021
31,10,48428,3,106201
52,29,96836,5,389587
22,0,18253,1,20366
34,13,51282,5,251747
40,16,61957,4,194806
42,20,65766,5,308152
31,7,35181,1,41579
47,22,77710,5,324726
23,0,22482,3,59580
37,16,60086,2,110106
48,27,90464,3,220454
49,25,80165,2,170338
41,20,74951,5,316877
36,15,56013,4,183527
57,33,97995,5,423551
40,17,63322,1,103576
26,3,24572,5,216217
39,17,65295,2,116033
25,4,33529,3,80213
23,0,18949,4,119296
21,0,21033,5,204089
58,33,105828,5,425662
35,14,52555,3,118358
54,33,103870,4,337129
55,32,99415,5,422182
45,21,73459,5,313412
44,23,81607,2,165000
32,9,43493,2,64928
38,16,60021,1,102133
35,12,47907,3,118048
36,13,50414,4,160833
47,24,78870,5,337618
28,7,41690,5,225558
45,24,80085,1,145855
37,15,59046,5,268368
49,24,75395,3,192055
28,3,23438,1,30442
35,10,49828,3,109134
47,25,80010,1,163309
27,2,24636,5,217201
23,0,16649,1,20548
49,26,83690,2,180075
44,23,75935,4,244032
23,2,23201,5,213082
40,17,61679,4,198184
35,12,53405,5,249333
45,22,73237,4,225041
50,29,91362,2,213183
34,9,37558,4,142655
27,4,29938,1,28541
37,15,55471,4,184637
40,17,67219,5,292605
56,32,103314,3,269139
29,6,39628,4,149813
58,37,116854,4,388461
42,19,65845,4,207585
22,0,17486,5,210357
44,22,70561,4,216967
28,3,26481,5,222767
31,8,41261,5,233488
33,9,39237,3,84836
37,13,56596,1,72409
28,6,33554,5,218301
41,20,74918,2,143599
38,15,61626,4,190821
50,26,87095,2,180385
38,16,63266,4,197300
51,26,80294,3,203019
58,34,108212,5,440690
52,30,99230,1,210478
31,10,45330,5,246710
45,24,79655,4,243834
53,29,88609,1,191469
58,34,103771,5,437351
28,5,36063,1,46326
31,9,43623,4,149752
42,18,67647,3,142759
44,21,68674,3,177970
37,14,51164,5,265327
32,8,44284,2,68084
52,31,101975,4,311148
35,13,56537,5,273193
36,14,58712,5,279451
42,21,71966,3,160205
48,24,80538,1,154486
40,18,67111,4,204288
53,29,95934,1,214536
30,6,32800,4,142738
52,29,92107,2,201933
53,32,102262,3,266241
22,0,16541,2,25836
53,28,87765,5,375443
53,32,99491,3,274972
33,11,45583,5,250788
50,27,87856,2,193841
53,31,94357,4,306595
33,11,43269,5,250408
46,25,78922,1,156742
42,20,73598,4,212754
59,35,105472,4,355346
22,0,16872,2,30582
58,35,108099,2,266253
59,36,107269,3,316235
46,21,72775,3,166042
35,12,49749,1,74374
54,32,101571,4,322958
31,8,44373,1,63750
23,2,25072,1,27704
26,3,32131,2,38917
29,5,32963,1,43833
26,5,34950,1,49227
29,4,33420,5,223021
59,35,106459,3,302073
51,29,88813,3,234960
52,30,97847,4,304093
32,10,41070,3,100333
28,4,34166,4,130325
28,4,34930,5,226752
48,24,78285,3,193031
40,19,71449,5,306574
27,6,33095,3,76197
31,9,37820,3,100818
40,17,59821,5,291512
36,14,50555,1,83407
24,0,19939,1,30525
26,5,32932,1,39855
42,18,61386,1,103269
46,25,82263,3,195997
23,0,21854,2,32176
34,9,45137,5,240006
31,6,34841,2,51000
38,17,61367,2,112469
32,8,38793,4,149603
43,18,67373,1,115624
32,10,42513,3,91715
33,11,46303,1,68408
45,21,69827,1,133566
39,18,68809,2,121537
56,31,94665,4,316453
28,7,35808,1,49807
49,27,88952,5,361529
52,27,90567,5,380665
38,17,65142,1,100783
26,3,28904,2,48851
38,14,50992,2,94158
39,15,57924,3,122423
42,19,72069,4,215643
57,35,106881,2,274985
52,27,85674,3,211640
23,0,19782,5,209620
48,25,86997,5,358300
30,7,38060,5,239126
55,33,104960,1,239554
49,27,85578,4,280699
35,14,52983,3,126330
53,29,94759,4,297125
27,6,36054,1,40739
32,9,40023,3,86973
50,25,87177,3,208564
41,16,59581,2,112903
51,29,93109,4,293373
44,19,64501,4,203045
40,15,53887,2,100211
57,32,101552,5,417364
24,1,18530,1,24649
48,23,82457,4,243150
40,15,53720,2,94070
44,19,68535,3,153225
52,31,102310,2,236285
56,33,106955,5,427918
54,32,101523,1,233185
56,35,110574,5,446447
22,0,24063,3,68810
35,12,45834,3,109932
54,31,101610,3,263407
56,32,96724,3,269169
26,2,26598,2,38750
59,35,104913,3,300596
32,10,49505,3,105731
23,0,20993,2,30784
38,15,56998,3,118002
41,16,57105,5,270139
35,10,42568,5,233826
53,29,96830,4,300120
55,33,97709,5,418665
46,25,86756,1,167372
28,6,34911,1,42068
56,31,94720,1,218928
50,28,85233,2,198367
43,19,63292,5,297766
34,13,50610,1,75627
34,10,42166,4,153602
22,1,26026,2,46864
57,32,104551,4,317968
25,4,30193,5,218260
58,37,108714,3,322460
34,13,51919,4,176458
59,37,114814,3,326450
45,23,80975,2,159134
40,15,52712,4,188219
22,1,19158,4,117927
59,36,110024,2,282417
26,1,27109,2,47967
37,16,60917,1,98474
45,24,80141,5,345060
48,26,81794,4,268038
22,0,20988,4,116885
55,34,108296,2,272254
57,36,110578,2,270347
25,0,20551,5,200152
21,0,18845,2,29123
32,7,39406,3,86229
56,31,92878,3,254991
43,20,68293,3,156785
51,26,83329,3,208969
31,10,44808,5,245762
30,5,35437,4,146859
23,0,15224,3,53539
34,10,40737,2,59041
36,11,42735,3,106230
30,8,35711,5,229721
49,28,90988,2,200529
30,9,39388,3,88777
32,10,47173,4,161418
50,28,86259,2,189467
21,0,20246,2,19930
25,3,29771,4,135329
40,16,55748,2,102905
28,5,31051,3,82154
32,10,46400,2,79271
21,0,21643,3,59240
40,16,63701,4,193924
48,27,84323,1,179669
57,36,111852,4,367390
57,32,102777,3,269156
32,8,39232,5,235903
57,34,106519,4,351216
48,25,79277,5,344321
35,11,43722,5,251543
26,3,30130,3,75524
40,19,64277,3,146476
34,11,51996,1,72245
22,0,22490,2,28556
29,5,32359,4,135686
57,33,106393,3,286588
40,17,65618,4,205105
46,24,77989,5,333525
49,25,85843,2,174082
21,0,16325,1,20925
55,30,99493,4,305513
26,5,37403,2,44838
57,34,105127,1,247198
25,3,31498,4,131979
53,32,97722,2,242179
34,11,47156,3,113342
32,8,36325,4,143189
40,15,56633,2,101665
44,22,79351,1,147254
54,29,90369,2,197356
45,21,68742,3,160665
49,26,88539,4,270091
59,35,104331,4,359830
51,27,84069,4,274777
43,18,67246,3,151714
58,36,106918,1,267437
40,16,61416,4,193469
43,18,63232,1,104069
36,14,53758,2,88258
28,5,33497,1,36772
41,18,62355,1,112717
21,0,24589,4,118067
28,3,24324,5,213150
49,27,89780,5,371035
52,28,89060,3,223399
58,35,107824,3,301094
25,3,22904,5,214613
42,17,59221,2,106138
54,33,102816,4,332522
21,0,18845,4,111807
46,24,79210,2,170923
30,8,35064,2,58431
50,28,94491,5,374827
38,13,53882,3,118333
37,12,54607,2,87704
46,21,68468,3,154351
28,4,25368,1,37730
32,10,48424,4,154035
47,24,77242,5,348073
28,3,27502,4,130798
45,20,68083,5,301548
24,2,28073,1,30401
53,28,94112,4,293045
21,0,23880,1,25871
39,15,53969,5,277480
51,26,84725,2,180044
36,14,54259,4,176265
34,12,48622,1,74872
25,3,23323,4,125419
46,25,80931,4,250984
48,23,79028,4,244518
22,0,19151,3,62248
26,2,24213,1,23714
29,6,37420,1,38607
53,30,98989,4,297572
45,23,73279,2,150886
33,10,42892,4,153261
29,6,35534,3,85196
33,12,48306,5,259828
51,27,85402,3,215392
31,7,36218,2,56162
24,3,22521,4,117727
54,33,99000,1,235936
58,35,111534,4,364016
24,0,24952,2,39377
58,35,106141,1,265097
39,18,65212,3,152470
26,2,20191,5,217539
54,31,101087,5,408873
38,13,54674,4,171331
33,10,45114,3,103360
43,21,72162,2,138657
39,16,59326,5,283615
31,10,49065,3,100730
21,0,19335,4,112872
44,20,73281,1,132383
27,6,38648,4,136065
45,23,81696,4,249887
41,20,70494,3,165204
35,12,53536,5,261587
21,0,17711,3,50427
32,11,50095,1,76103
27,5,33773,3,74758
35,12,51284,2,88129
41,16,64308,4,190853
39,14,58817,5,269101
49,25,81494,1,165257
45,24,76678,4,248090
53,29,95914,3,235848
52,30,90743,2,222086
55,30,90462,3,242331
58,37,109068,4,374332
46,24,76736,1,149550
31,9,45403,5,239589
55,34,107002,4,349798
28,6,38856,1,48363
34,13,48856,4,163830
30,9,38514,2,67354
22,0,16054,3,58588
29,5,29264,5,222465
23,1,23509,1,35851
41,19,66958,5,293018
46,23,82104,5,328657
28,5,28167,5,213926
22,0,18370,1,23448
26,1,23476,1,25380
48,23,73894,5,327316
49,24,83290,3,192117
46,25,81570,4,264576
45,23,79482,5,344067
32,8,43613,2,70347
25,4,30599,5,214482
54,32,98650,1,224915
57,35,111824,4,363521
35,12,54894,2,86744
56,33,101120,4,336791
35,14,53190,4,181749
43,20,73789,2,146764
26,4,25391,5,213616
41,18,61075,5,291141
43,18,62650,5,290266
36,13,49884,3,103540
35,13,48309,5,262396
45,24,83047,2,170584
56,32,100501,3,265626
31,8,41895,5,231564
35,13,48659,3,110318
24,0,22574,2,40149
41,17,59031,5,291177
33,8,40481,1,48738
42,18,67548,2,127326
39,17,62476,4,199388
54,32,100695,4,325961
34,11,50945,2,73717
24,1,21048,4,112837
47,24,81163,2,161889
49,25,84171,1,162959
48,24,80264,2,174227
55,30,91231,5,387819
28,5,29923,5,226519
36,15,60571,3,128627
56,31,96761,4,314924
50,29,97265,4,297870
38,14,52908,2,92353
22,0,19712,4,119320
33,8,41755,5,238327
24,2,29817,1,35589
46,22,73883,2,153812
45,21,71015,4,219764
50,25,80903,5,353332
31,7,37098,3,84631
27,2,25008,4,121793
51,29,93722,1,203719
30,5,31509,1,36703
59,35,105235,4,354550
33,9,41991,4,151479
51,26,88593,5,350875
27,2,20974,4,121701
56,31,92723,3,245817
40,17,62113,5,280668
24,0,21777,2,37529
27,3,30927,3,77349
21,0,19211,5,214416
33,8,35225,5,227598
42,20,73183,1,122336
41,16,59277,5,283098
42,17,58841,3,143502
48,25,81536,4,257336
29,5,35901,3,77331
46,21,71227,2,147359
29,5,31428,5,222936
35,14,52803,5,265466
30,6,39301,5,226341
44,22,76558,5,329278
28,6,30393,1,42716
44,19,69339,1,114149
36,12,54035,4,178951
46,21,77216,5,318380
47,24,83795,2,171801
57,35,103081,4,351759
24,0,15132,5,194424
44,21,70338,1,130997
39,14,53385,2,94295
56,32,98770,4,313298
59,35,104768,2,276114
30,6,30975,5,227485
45,21,75105,3,178322
38,17,64713,2,105852
39,16,64735,2,108522
56,33,100335,1,242898
30,6,32738,5,219116
53,32,104549,2,241763
25,1,21634,5,213286
55,34,109508,1,244655
54,30,96833,5,390046
53,31,100853,1,228823
41,19,64409,1,112807
37,12,54319,4,176442
42,18,69850,5,300500
57,34,101963,3,298022
35,10,45153,4,158146
55,33,98466,1,241394
48,24,75889,3,188118
27,2,23061,2,38754
52,28,91461,2,204910
31,9,43666,4,155905
30,5,34467,3,80172
29,7,42358,5,238071
34,13,55601,3,121610
33,11,49879,4,165545
45,21,77133,5,316027
22,0,22280,5,212664
55,33,98567,2,247250
27,4,29223,3,68921
41,20,74018,5,317327
38,13,52107,4,173490
23,0,18985,2,44478
59,36,108179,5,455788
31,6,34538,3,87518
59,37,109862,2,293557
44,21,69724,3,176271
39,15,58871,3,124641
24,2,21726,3,62149
46,24,80791,2,160912
58,36,113073,5,460343
52,28,93458,1,187574
59,38,117013,5,474882
56,31,93337,2,214469
57,34,104584,1,238376
53,32,95686,1,227587
56,33,97856,1,232238
23,0,24063,4,115734
29,5,32147,2,46171
28,6,34418,4,134338
53,31,99142,1,215378
26,2,23391,4,129978
59,38,114357,4,395441
24,3,27379,2,50321
33,10,45319,3,101354
22,0,17739,4,116901
25,4,34510,4,131166
47,23,82227,1,146731
52,27,87284,1,180532
41,19,72464,1,123825
28,6,30877,5,230915
58,36,107870,4,361300
28,4,25292,1,24688
23,0,24843,2,42352
23,0,23728,5,203977
42,20,67686,3,159349
26,3,22733,4,122339
22,0,17374,4,113240
43,20,67272,2,122985
22,0,15966,3,56397
58,33,98389,3,282421
37,14,53863,5,270801
55,31,98654,4,320182
54,31,95900,1,210953
43,21,75726,2,145364
50,27,87042,2,190963
28,7,36023,2,56681
42,20,66763,2,132902
56,35,105791,1,259507
25,3,24988,1,23620
33,9,39058,5,241984
49,25,82190,4,261314
51,27,88621,1,188278
36,15,54776,5,278974
50,25,81939,3,203821
36,14,51103,4,167788
32,8,42520,1,46613
37,15,62111,3,131435
36,15,57909,5,279886
32,7,42170,1,56385
28,7,40369,1,51358
40,18,62956,3,145353
23,0,22710,1,35568
36,11,48517,2,80787
50,29,97074,1,203057
43,19,65884,4,205416
48,26,89761,3,210177
25,2,20028,4,112972
40,17,66397,5,286734
21,0,24212,4,123296
50,28,94638,2,204627
41,19,70256,2,127226
40,19,69448,4,215650
26,4,30755,5,231300
42,18,63602,1,103225
38,17,62562,2,108910
28,4,33071,4,122145
59,37,114744,4,379612
52,31,98872,4,313713
53,31,99605,1,225128
36,15,56081,3,126026
32,10,42762,5,241881
58,34,100572,3,285395
54,30,97705,5,400310
34,12,45614,5,245025
56,35,106550,4,359064
53,30,90325,2,221096
43,19,66240,4,211737
22,0,15358,1,13945
41,18,63777,5,291806
22,0,20906,2,40580
47,26,81721,5,349209
29,7,33849,5,232692
21,0,18696,4,116122
31,7,36396,2,57556
23,0,19260,2,28921
43,19,72288,5,308201
46,22,79819,2,154874
24,0,21941,2,28314
38,13,51308,4,170605
26,4,30246,3,77815
55,30,98384,1,210357
42,20,68845,3,148466
35,13,50077,2,84582
42,20,65091,5,311283
57,33,101734,1,236751
32,8,43672,1,62555
58,33,104092,5,422850
38,14,58128,1,80383
55,30,91075,5,390949
50,26,82513,1,165020
44,23,80668,3,189817
50,29,94361,1,198918
34,9,46490,4,162299
26,2,20604,5,208455
23,0,17979,1,21767
36,14,57140,5,274021
27,4,32065,4,136926
34,9,42416,1,63754
29,6,36800,1,43765
35,12,45597,4,159680
41,16,64724,4,185154
55,31,99820,4,325748
22,0,23705,5,214769
47,24,80622,4,253261
22,0,16877,5,208915
55,34,101699,3,285566
38,13,56721,1,83292
34,9,43280,1,54421
40,16,55716,2,100125
38,17,61586,3,135054
30,9,38165,4,154071
45,21,75346,4,230673
22,0,21611,3,73751
45,20,66079,4,225160
53,28,93419,2,196718
56,33,105840,5,433426
51,27,83569,1,169839
34,11,47763,3,106390
21,0,22951,1,27704
36,15,53863,5,264807
23,0,19508,3,58160
55,32,96755,5,413336
26,5,28019,4,129980
45,21,72963,4,220391
33,10,47233,4,154382
54,29,88602,5,373884
28,5,28097,5,214822
41,17,60773,5,284375
54,31,98281,1,224358
24,0,21256,5,216247
45,24,82258,4,260145
35,10,48780,2,77701
24,3,29054,5,220495
32,10,49599,2,78634
52,27,90502,4,280569
52,27,87346,5,358403
48,24,84821,1,168725
33,10,49186,1,55671
51,30,94798,2,224621
34,13,54105,1,78886
40,16,57986,1,87958
38,14,50400,1,81116
49,26,82855,4,263304
26,3,25912,1,27159
52,27,82556,3,207788
49,27,90522,5,362094
22,0,16875,1,17080
43,19,67043,1,113368
39,16,59298,1,88585
51,30,93768,3,246540
25,3,28252,1,27491
39,14,54833,1,84774
54,33,98853,5,427509
30,9,42487,3,96553
45,23,79097,3,186207
22,0,19311,1,19896
31,7,35434,3,91524
51,26,80022,2,176254
35,12,46209,3,119240
29,8,43940,3,88524
43,20,65804,3,159193
39,15,60825,4,194008
29,6,34416,4,133605
55,30,98625,4,305844
41,18,65141,3,150931
29,5,32468,2,51727
48,24,78671,3,194929
27,3,29792,1,40333
36,11,49501,2,77167
36,12,47098,4,170443
53,32,103444,5,409463
24,0,20061,2,39368
24,1,26821,4,130597
59,36,108264,2,276631
37,14,55435,2,86661
57,32,103493,3,270272
59,36,111691,1,275450
49,24,77763,5,336627
56,31,96505,4,314814
58,34,103241,2,268289
59,38,113057,5,471733
57,33,98050,2,235519
55,31,98074,1,218947
27,2,25411,5,212150
47,22,71587,4,227025
48,25,83420,2,180594
42,19,67760,1,115336
34,10,44409,5,246484
27,5,33283,2,48259
57,35,103212,2,266577
42,19,67906,4,211928
25,3,30490,1,48992
22,0,22420,3,66078
47,22,76843,2,156496
41,17,59933,5,286324
58,37,110801,4,365582
35,11,42770,4,153254
41,18,69986,2,125540
30,7,33579,2,57476
43,19,67822,2,127633
59,36,113795,3,319136
25,3,27757,2,35537
21,0,22982,1,26405
33,10,49777,5,258556
41,18,66214,2,115516
46,24,80006,3,198908
41,18,63985,5,298989
38,15,62087,4,181941
57,33,106291,2,255220
52,31,101205,5,408979
56,34,105991,4,344309
37,13,53727,3,109832
55,34,109258,1,252562
31,8,42833,2,64211
41,18,62886,1,98054
46,22,72653,3,168387
24,1,26780,5,211685
54,29,92364,5,379862
38,14,52514,3,121205
55,34,103969,3,292146
49,25,80784,2,170151
49,27,90240,4,281471
58,34,104566,1,254188
41,18,62196,1,105429
33,10,40789,5,244969
37,12,48475,5,255098
29,4,34856,2,45481
21,0,16309,3,54755
22,1,18364,1,23374
49,24,80389,2,164822
53,32,98363,5,416668
30,5,35715,5,219180
41,20,68003,1,112550
48,24,83502,5,336320
31,7,33731,5,230424
54,31,100459,4,309208
28,7,35211,3,85431
42,20,71581,5,314206
28,5,35205,4,144026
35,11,42921,2,79270
37,16,64965,5,282667
43,18,60946,2,106917
44,22,79378,5,325318
39,15,54334,1,90838
25,2,21564,4,118095
52,31,99832,4,315190
21,0,19944,1,20338
43,22,71308,3,181234
57,32,97986,4,316353
28,5,27886,2,45459
33,12,51131,4,172592
28,4,34353,3,88220
43,20,68258,2,128223
21,0,21121,2,39605
44,23,77311,1,142649
55,32,101574,5,423239
44,20,71697,1,133364
37,12,48933,5,252225
25,0,16439,1,23206
40,19,68669,5,308255
41,18,64480,4,201168
51,29,87555,2,207293
56,33,100824,5,426484
31,6,36777,4,149625
35,11,42605,3,90569
39,17,60701,1,99721
27,6,30669,3,71397
48,26,88934,4,269962
25,4,25966,3,66471
25,3,22807,3,65112
50,29,89638,4,286187
52,31,92609,2,224865
28,6,33632,5,233061
30,8,41728,1,51444
58,37,113184,5,476757
52,27,88999,1,187358
48,26,81915,5,364545
37,14,50556,3,119592
51,27,90119,2,193370
28,7,32604,3,73297
45,24,77047,2,157858
29,5,27645,4,127925
22,0,15873,1,18685
35,11,42798,1,73361
23,1,20738,4,117663
56,32,103837,5,409855
24,3,28882,4,131204
34,10,42511,4,156263
45,22,76596,2,147981
30,8,35783,4,152501
41,17,62492,1,92468
56,35,102870,3,301097
32,10,40486,2,65590
47,26,87378,2,179505
22,0,18196,5,219457
33,10,49552,3,108375
52,27,86787,2,188934
51,28,87261,4,279827
36,12,54148,2,87685
52,30,98572,2,220422
52,28,85238,2,201976
54,31,99343,5,406921
31,8,36105,2,63352
30,7,33886,2,55205
35,14,59719,5,277888
37,15,54167,3,131354
38,14,52691,1,89155
29,5,35256,5,230530
45,20,66996,5,301763
34,11,43925,2,72302
45,22,78023,2,151572
42,19,69349,1,114662
50,26,83247,2,176666
40,15,55092,4,182164
41,20,66490,2,124853
52,30,91224,2,209496
41,20,67587,4,206394
55,31,100214,1,223835
52,29,90564,4,293350
50,28,92804,5,376760
59,35,103332,4,356023
32,8,37440,3,83185
38,14,54795,5,270759
41,19,64146,2,123016
33,11,42940,5,243896
41,16,60956,1,93993
28,3,32221,1,34193
27,6,32367,4,136110
43,21,74196,5,321023
52,30,95190,2,217218
31,9,42163,1,52302
42,17,64562,2,115288
42,18,64331,3,138812
45,22,79496,1,142847
42,17,60534,4,202382
48,26,89377,3,211317
49,24,78262,5,337917
33,12,47107,2,84149
38,16,62036,1,101069
22,1,21820,3,64509
49,27,88438,3,220045
41,16,57747,1,87069
35,11,47177,5,254452
47,24,82972,5,336635
51,30,94264,4,292018
35,10,43133,5,250473
43,19,63965,4,208659
44,19,66609,3,158347
33,12,47211,1,64948
42,19,68039,5,304550
57,32,104735,4,325979
53,31,94189,3,252612
23,0,24763,5,218971
39,14,57727,2,95618
43,19,70264,3,154042
49,27,87041,5,359113
50,27,86041,3,219824
59,36,105818,1,272855
45,23,77021,1,141685
57,33,98624,1,238808
28,3,28160,2,38766
36,14,55641,1,87287
28,7,33629,2,53913
21,0,16702,1,21221
25,2,22001,3,61493
23,1,24412,5,215659
21,0,18878,5,205069
24,0,22232,1,23583
55,32,104998,5,412189
52,30,96331,1,206130
54,30,96035,1,207227
45,24,81523,4,251807
30,8,43111,4,152169
41,16,63736,4,190696
59,37,109901,2,290078
47,23,81981,4,253652
47,25,86474,1,167389
22,1,18039,3,57734
33,12,50615,4,158136
29,4,27956,4,123926
56,33,105577,3,276772
42,18,63722,1,117351
46,22,75087,2,144604
32,9,43960,4,152495
37,16,57170,3,133203
34,13,50891,1,80923
34,12,51942,5,259482
54,29,89116,2,203804
40,15,61608,3,129425
31,6,36458,3,85539
36,14,52756,3,116234
51,26,86853,4,262532
26,3,30209,5,218316
39,17,59436,2,102613
57,34,103091,1,257124
24,2,20968,1,27850
24,0,22297,5,219821
40,17,60703,3,141510
30,7,38999,3,95401
44,21,72673,3,171450
55,33,98389,3,277599
46,22,78984,3,170575
57,32,104173,5,414541
58,35,109882,4,357706
41,17,61031,2,111296
59,34,100801,3,284359
41,16,63234,4,195498
30,7,35849,1,48100
58,35,110505,5,453970
24,2,29969,4,131713
40,16,58201,3,138641
37,13,47849,3,117650
27,4,34759,3,80212
24,0,24321,4,132649
49,26,89972,3,222308
34,9,38083,4,142488
23,0,18377,3,62680
44,21,73528,1,122254
57,36,112694,1,265903
36,12,51196,2,80858
24,0,22083,3,60125
44,19,65901,3,150774
54,33,100685,4,333327
50,28,90285,4,290491
38,17,66854,3,150932
39,18,66772,2,122837
51,26,88490,3,208754
39,15,55847,4,179180
39,18,60788,3,146473
42,20,69945,4,213174
44,21,70389,3,160994
32,11,52069,5,259110
50,29,92773,4,293451
58,36,108272,2,279377
51,27,91569,5,376178
56,35,107734,3,305158
39,18,69769,4,216674
56,32,101902,5,413504
50,28,92612,2,204840
53,32,97492,4,320707
38,14,56745,5,272496
48,27,92074,5,365222
31,8,39240,5,229887
53,28,87322,1,186940
37,14,55298,3,118065
26,5,29361,4,135132
24,2,26620,4,117516
40,15,56547,4,175655
47,24,82581,5,340877
35,11,49820,3,99949
26,4,26098,2,50478
34,11,47747,4,160072
31,7,34234,3,80079
59,38,114663,3,335502
29,5,33409,1,44648
46,23,75916,4,240110
36,13,53802,5,264121
25,4,32593,3,72095
30,6,30680,3,81054
23,0,23163,2,44086
33,12,47070,1,67391
50,26,86668,3,208044
26,5,35501,3,81988
37,15,62421,5,279894
39,16,57191,5,272449
55,33,106359,2,250925
46,21,77304,2,154846
25,0,22586,2,29848
49,24,83872,5,340958
57,36,114164,5,457000
40,16,57846,1,88964
41,19,64963,4,205335
30,8,41837,4,150158
25,3,27422,1,38544
56,34,104392,4,344608
26,1,20683,5,206961
46,24,78167,4,254666
24,0,17997,5,197074
59,34,106521,1,254828
59,37,110727,2,286593
55,34,106564,1,250929
21,0,24920,4,125415
44,21,69524,5,305437
56,33,97829,4,329697
26,1,19986,4,119278
51,29,88655,2,212966
40,15,56977,4,196752
44,20,67185,2,122940
45,24,82086,5,349391
56,35,104817,5,443607
41,18,63621,2,113738
50,27,86991,1,181816
44,21,70011,5,307439
50,28,92842,1,186208
42,18,68641,5,289705
48,24,84546,5,347736
27,3,30348,3,75723
55,31,97904,4,309552
48,25,82893,4,265351
34,13,48793,1,69978
30,7,34965,4,145659
36,12,48175,1,70445
36,13,55349,5,262627
51,27,91925,3,223410
45,20,74629,3,160460
33,12,53444,5,261947
26,1,25710,2,40062
29,7,35259,2,58096
56,33,102755,4,338310
40,18,68414,1,112572
38,15,52502,3,115660
41,16,63130,4,197791
24,0,16259,5,205752
53,29,95690,3,231879
47,24,79323,1,155251
27,3,28273,1,34938
26,1,20068,2,32475
35,11,44385,4,156715
38,13,54560,5,262403
52,30,97844,3,252584
31,6,36111,1,45110
40,19,71991,3,154469
44,23,74838,5,337427
35,14,59268,3,122758
27,4,28758,4,115305
41,18,64810,2,116616
46,23,81639,3,194453
34,9,44291,2,67698
57,34,107171,5,429777
41,19,65231,2,118690
38,17,58369,3,131184
25,0,20166,3,59789
23,2,20093,1,22604
43,20,67987,3,162396
46,21,77467,2,146709
57,33,106127,1,243749
44,22,74947,3,185943
39,16,61651,3,140295
45,22,76979,5,330023
41,19,69294,1,108328
32,10,46524,5,244824
53,29,90644,5,375318
24,1,21087,5,206781
27,4,25076,4,129130
42,21,76507,5,318322
53,28,93959,2,209641
37,12,51553,3,115758
44,23,80797,4,244049
54,29,94194,5,392414
48,26,82873,3,215155
59,34,103346,1,250557
42,17,64524,1,105213
37,16,58148,3,135494
54,30,99657,2,216944
26,1,17744,3,59856
26,1,20125,3,62705
54,30,93849,4,300325
21,0,24597,1,23829
30,6,39173,1,52383
41,20,72737,5,312367
25,3,30833,3,75717
22,1,18392,3,67894
42,20,70487,2,132870
22,0,22251,1,23567
30,9,44810,2,75736
54,31,94899,4,303085
36,15,57140,5,274775
59,34,102960,2,254711
42,17,64825,1,105828
32,9,38969,4,150108
44,22,73374,3,178611
58,35,111347,4,364118
30,5,35734,2,51871
55,32,102923,1,230751
52,31,97622,2,231735
27,4,34852,3,83869
41,19,67887,3,148485
40,19,70131,1,119721
46,22,77226,5,324509
24,0,20108,4,118463
42,17,59724,4,191980
35,12,47110,3,104076
41,20,65957,2,124144
35,11,49646,2,78210
42,21,68060,5,313632
48,23,82022,2,158326
34,13,54913,4,179862
47,23,73812,2,165344
48,25,79321,5,347726
46,24,80646,4,249239
22,1,22445,2,31763
45,23,77874,4,242804
23,0,17651,3,67376
28,5,37433,3,92915
53,30,94701,3,254421
55,34,102877,2,262213
26,3,28082,5,220792
59,38,115390,4,384146
43,22,74083,1,136604
45,23,73245,3,179745
39,16,63749,3,137622
25,4,25941,1,27763
31,9,41523,1,59012
32,8,37296,2,58166
30,8,35939,4,140243
28,6,31610,3,75089
44,23,78800,5,334461
48,23,74225,2,161028
56,31,101676,2,233424
57,32,104779,5,421127
41,19,72028,5,315804
28,7,41353,5,242990
29,6,37187,1,48265
35,13,47532,3,113840
38,16,60985,1,93229
40,19,65914,3,149429
26,2,21156,1,25923
32,10,43126,4,154519
22,0,23252,3,61263
27,3,24043,2,42799
36,11,42771,3,99284
23,2,25295,3,73751
23,0,19076,3,61138
47,26,85902,4,266062
58,33,100209,1,232342
53,32,104346,2,239326
48,26,85221,1,178269
21,0,24937,1,29461
28,7,41029,5,238595
57,34,106722,4,354005
52,31,100701,5,401093
57,33,101644,4,336240
24,0,20606,1,16086
50,25,84266,1,162577
26,2,20730,4,113564
39,17,62390,1,105982
52,30,91648,1,195859
29,4,29228,2,44317
32,7,34630,5,224776
31,7,36866,5,228451
36,14,51506,5,261902
21,0,17158,3,65933
41,19,65416,2,122339
50,25,80729,5,355865
33,12,54858,5,271960
54,31,98765,2,240973
24,3,26636,1,30842
48,23,75189,5,331060
58,35,109690,1,264719
51,28,87810,5,371632
47,22,76152,4,236113
25,0,15012,3,52836
45,23,78438,5,323640
23,0,22999,4,124409
53,29,94719,2,210130
24,0,20328,4,113364
45,21,71121,2,135389
40,15,56183,5,281458
54,32,102872,2,244392
46,22,75310,4,225458
25,4,25652,3,64137
55,31,98299,1,218059
48,26,88812,1,177654
49,25,81290,3,196737
29,4,26645,1,31520
58,33,102012,5,425404
26,4,29759,5,221935
39,16,60874,4,178738
31,6,33688,4,137596
22,1,25189,2,30404
29,7,33879,4,136647
41,17,61743,5,284695
44,20,74580,4,216706
54,33,104007,1,244722
42,17,65319,2,109739
23,1,26093,2,37438
32,11,45153,5,254126
48,23,78111,4,238673
50,28,91127,1,186914
46,22,73923,4,230342
41,19,70959,3,160761
48,25,83412,4,265483
46,24,80130,5,335749
53,30,95439,4,299403
41,19,70380,2,127598
55,32,101449,1,231379
54,30,91725,5,387693
38,13,56804,3,124066
31,8,42522,1,49595
43,20,69784,1,113219
42,18,69472,2,126370
37,14,51232,2,92949
25,4,33808,2,54951
31,7,40838,5,226738
50,29,94946,4,292537
35,11,47116,1,64680
47,24,79725,4,257389
55,34,103677,4,342000
53,30,96287,2,213794
40,16,63480,4,194883
36,13,48909,1,80116
54,33,105705,1,247688
22,1,17756,3,62944
55,32,96721,5,412814
48,26,81423,4,251044
59,35,107453,5,446801
26,2,22990,5,213940
29,6,31195,5,224535
40,18,64559,5,297674
21,0,19365,1,21665
28,3,23744,4,121221
43,18,66766,3,154780
23,0,20302,5,207574
24,2,21306,3,64529
45,23,74902,1,147969
58,34,100496,1,240302
35,14,53399,2,86123
41,19,63409,5,304298
55,30,90372,2,211808
34,13,53736,3,120698
56,35,103844,4,342447
32,9,46015,2,57779
37,15,54931,1,88212
59,36,109670,5,456772
29,7,35284,3,85852
55,31,101907,1,232500
33,10,41695,4,146148
35,12,46907,5,254677
38,13,52314,4,179021
53,30,90780,4,293555
26,4,26019,5,214595
47,22,71403,5,311906
43,20,66426,4,225055
47,24,83855,3,186212
54,30,95868,5,399680
58,35,102510,1,249051
34,13,53830,2,83575
56,31,101730,3,267349
28,7,35325,5,227232
55,30,97464,5,400622
39,15,55503,3,133023
50,27,91767,2,196250
34,11,49695,4,167381
40,17,64220,1,104003
45,20,68088,5,307823
44,21,69289,2,134554
34,13,50536,1,84680
46,23,79877,3,191251
58,34,107598,5,441067
43,22,74838,4,236209
42,19,68372,3,152165
39,16,58653,5,284647
23,1,21799,2,43538
39,14,59268,1,80504
29,8,35973,1,50180
48,26,87083,5,359856
40,16,60494,3,132318
27,2,29491,4,122664
34,13,50906,2,91165
29,6,35150,5,230329
39,18,69350,2,122314
34,11,45629,1,67080
58,33,97604,4,328286
56,33,104933,2,248572
37,13,55189,5,266573
50,27,86067,4,273406
29,5,31848,3,68797
53,28,89390,5,372062
45,20,71811,2,129089
34,13,48681,4,159423
31,7,37144,5,235342
55,31,98373,4,310749
34,12,49394,4,170601
50,28,88534,4,273471
24,2,25844,2,38755
24,1,23439,5,209899
48,26,86475,1,165045
28,4,26774,1,32459
22,0,23283,2,29589
42,17,57946,2,109099
36,15,52608,4,182091
49,27,85739,5,365976
50,25,83431,5,351900
32,8,39053,3,94949
55,34,104537,3,288023
31,6,36361,1,40530
41,20,66245,3,154980
41,19,65220,3,149383
25,1,25969,1,24372
40,19,70241,1,122182
57,32,100105,3,270679
23,1,20422,5,201556
53,31,95013,3,250941
29,4,34030,4,128810
29,4,27801,4,129627
24,3,29481,4,133863
55,32,103221,2,244741
37,15,59002,4,181456
54,33,103538,5,424443
44,19,68729,2,120604
52,31,101949,2,226848
21,0,15364,4,117274
28,4,26800,3,78680
43,18,65958,1,106204
32,7,41596,3,90776
32,7,39936,3,92478
35,12,49793,2,73553
39,14,58160,2,91556
46,24,75179,2,169947
49,27,86373,5,360484
42,21,71460,5,313430
41,18,61186,1,101831
58,37,108273,2,279219
40,18,64460,4,202953
49,27,82852,2,186125
24,0,21943,5,212267
27,2,25202,2,39419
48,26,85344,5,355504
48,27,87007,2,187740
24,3,27330,4,123829
42,17,57617,1,92213
32,7,32981,4,133251
23,0,19287,5,203767
42,19,69302,3,159349
22,1,25798,4,125208
44,19,66977,2,125952
54,33,104033,1,250244
47,22,70243,2,139454
21,0,22012,2,41285
28,7,33365,4,136184
43,21,77253,1,135898
58,37,112829,3,325604
26,3,23103,2,35875
42,18,65756,1,104212
45,23,76518,3,179639
38,13,52692,2,77480
37,14,52015,1,83028
32,11,52350,4,168343
26,4,28380,2,52298
46,25,81270,2,174024
47,26,85829,1,175485
28,7,34113,2,53825
39,15,54379,3,127323
21,0,20372,2,39499
49,24,79108,5,340555
55,33,106791,3,279764
34,11,51766,1,69404
55,32,103978,3,275517
40,17,57648,5,280571
33,12,46754,5,258619
58,34,107378,2,272280
28,6,36681,2,59748
40,19,66256,4,212511
53,29,96871,3,244269
46,22,79116,4,232991
59,37,112892,5,465054
41,19,72295,2,126506
29,7,35552,2,58525
44,23,78192,2,155244
57,32,99218,1,228013
37,15,57303,5,276856
44,19,64877,2,119514
41,20,70086,5,306356
59,34,103182,2,260236
59,36,108160,3,307445
33,8,41576,5,238408
31,9,46403,4,149439
39,18,62586,1,105166
31,9,40148,4,156608
33,10,47313,5,247221
21,0,16717,2,24661
39,17,62808,5,292898
32,10,47407,1,66083
28,4,25870,5,218593
28,5,31074,2,41720
32,10,45827,4,150503
53,31,100486,3,252859
46,24,83462,4,254419
59,38,119735,2,314834
48,24,83741,2,171027
25,4,30769,1,45938
28,4,30733,5,220183
45,23,82404,5,335365
47,24,78240,4,247652
43,18,69554,3,151226
50,25,82393,3,204386
43,21,76976,1,131637
40,19,63386,2,114932
38,15,58354,1,80947
38,14,55318,5,271780
22,0,17258,2,28388
24,1,21882,1,19574
50,27,84285,4,268669
53,29,95227,5,397649
56,33,97795,3,267900
38,17,60097,1,102952
57,36,105680,5,455365
39,18,64890,5,301097
48,25,81798,3,200522
40,19,62824,3,142042
53,29,95452,3,246074
32,9,38486,1,51016
35,10,43118,3,104790
59,36,105760,4,366079
22,0,22758,5,216997
49,24,84228,3,209610
30,7,33406,5,230595
22,1,22999,2,44093
31,9,37864,2,60039
33,11,50269,3,110632
30,9,40913,5,238021
34,12,53027,2,87423
38,16,62939,3,139073
29,8,44261,5,231458
59,38,113081,3,328522
48,25,82948,5,350439
23,0,18258,2,20811
40,19,64607,3,151147
26,2,27928,2,47530
47,25,80433,3,206194
22,0,17829,1,17176
49,27,91133,2,201355
58,33,102506,2,255866
23,2,21559,4,109139
36,12,46741,2,79479
50,25,83330,5,350962
22,0,22523,3,72376
37,12,45625,1,68796
32,11,44190,5,255738
55,32,103282,5,414158
21,0,21310,5,202499
35,12,48006,5,252346
46,21,71802,1,137786
57,32,96088,4,324157
41,17,63507,2,125079
51,28,89611,5,368054
45,20,74372,2,143178
43,21,75428,2,147562
44,20,69490,5,307083
58,37,115878,4,384677
48,24,76597,2,162256
41,19,66247,3,155648
38,15,55170,2,100612
56,35,110931,5,454811
55,34,102580,1,247634
29,6,37432,2,64958
58,34,108330,4,346611
50,25,80006,3,208924
54,30,94725,3,241905
52,30,94300,1,203034
23,0,24941,1,23648
23,0,23759,2,42383
48,25,84502,5,346814
35,13,56573,4,183103
43,21,73631,3,167858
31,9,46331,1,62027
52,27,87037,4,277877
56,35,104835,5,438736
53,28,89321,3,221187
44,20,67985,3,161419
59,38,110559,5,474672
54,30,90713,3,246025
48,27,87093,5,359184
57,32,98988,3,265144
27,5,33703,2,49953
24,1,17756,5,195108
57,35,111268,4,363805
21,0,15037,2,24929
21,0,23652,4,128827
40,18,69632,3,148747
39,14,51832,4,171865
49,25,85100,2,169810
30,7,37667,5,239180
38,16,55432,1,92962
48,27,86651,4,280971
55,31,98911,1,219094
51,26,81751,4,262742
47,24,79997,4,240466
31,10,45720,5,244579
58,33,105116,3,281788
25,0,15256,2,31192
28,6,30671,2,58350
54,32,95489,2,225434
32,11,49389,3,108116
58,33,99596,1,234534
21,0,16682,2,30739
51,28,87460,1,187633
24,1,22029,3,63613
25,0,20121,3,56955
50,28,86975,5,365961
44,23,75716,2,153391
23,2,29581,5,212297
31,10,44515,2,70430
24,1,23192,3,64465
46,24,84776,3,185825
47,25,82439,4,266867
47,24,80563,4,249829
26,5,30463,3,63856
35,14,54529,3,122584
50,25,84286,1,163769
57,33,103700,1,233851
57,35,103476,5,444082
57,35,109845,4,352694
55,33,97545,4,329590
43,19,63693,3,147445
26,1,22012,3,60184
24,0,19943,5,209285
38,17,63782,4,189391
29,8,35246,1,46333
49,27,85719,2,192405
33,10,48983,5,257476
37,15,53136,2,100538
52,29,91275,1,204621
42,18,62421,1,103887
24,3,31780,2,41656
25,2,24183,5,218239
57,33,98212,2,242867
33,12,50845,5,258296
54,31,97823,5,408697
42,20,71032,3,172997
43,21,71144,4,226148
23,1,25273,4,124258
54,30,92108,1,200322
52,30,93614,3,252120
41,16,64434,4,196477
41,20,71957,5,309001
31,7,37779,5,231386
59,37,111832,2,290797
24,3,26400,2,41619
21,0,22939,5,204823
48,26,86963,5,365513
44,23,77068,2,161241
55,30,97838,4,305400
33,10,41845,1,55961
54,29,87882,2,205006
31,10,44112,4,155324
56,31,99569,4,313868
37,16,58810,4,193485
55,34,101509,3,278008
38,13,55073,3,115333
42,21,69078,4,225234
44,22,70879,5,321600
39,18,62162,3,141264
57,33,107264,2,256506
59,38,119840,3,334375
41,17,65214,5,289123
